true_label,predicted_label
close_look,forward_look
close_look,right_look
close_look,right_look
close_look,forward_look
close_look,forward_look
close_look,forward_look
close_look,forward_look
close_look,forward_look
close_look,forward_look
close_look,right_look
close_look,right_look
close_look,right_look
close_look,right_look
close_look,forward_look
close_look,close_look
close_look,close_look
close_look,close_look
close_look,close_look
close_look,close_look
close_look,close_look
close_look,close_look
close_look,close_look
close_look,close_look
close_look,close_look
close_look,close_look
close_look,close_look
close_look,close_look
close_look,close_look
close_look,close_look
close_look,close_look
close_look,close_look
close_look,close_look
close_look,close_look
close_look,close_look
close_look,close_look
close_look,close_look
close_look,close_look
close_look,close_look
close_look,close_look
close_look,close_look
close_look,close_look
close_look,close_look
close_look,close_look
close_look,close_look
close_look,close_look
close_look,close_look
close_look,close_look
close_look,close_look
close_look,close_look
close_look,close_look
close_look,right_look
close_look,right_look
close_look,close_look
close_look,close_look
close_look,close_look
close_look,close_look
close_look,close_look
close_look,close_look
close_look,close_look
close_look,left_look
close_look,close_look
close_look,close_look
close_look,left_look
close_look,close_look
close_look,close_look
close_look,close_look
close_look,left_look
close_look,close_look
close_look,left_look
close_look,close_look
close_look,close_look
close_look,close_look
close_look,close_look
close_look,close_look
close_look,close_look
close_look,close_look
close_look,close_look
close_look,left_look
close_look,close_look
close_look,left_look
close_look,close_look
close_look,close_look
close_look,close_look
close_look,close_look
close_look,close_look
close_look,close_look
close_look,left_look
close_look,close_look
close_look,close_look
close_look,close_look
close_look,left_look
close_look,close_look
close_look,close_look
close_look,close_look
close_look,close_look
close_look,close_look
close_look,close_look
close_look,left_look
close_look,close_look
close_look,close_look
close_look,left_look
close_look,close_look
close_look,close_look
close_look,close_look
close_look,close_look
close_look,close_look
close_look,left_look
close_look,close_look
close_look,left_look
close_look,close_look
close_look,close_look
close_look,close_look
close_look,close_look
close_look,left_look
close_look,close_look
close_look,close_look
close_look,close_look
close_look,close_look
close_look,close_look
close_look,close_look
close_look,close_look
close_look,close_look
close_look,close_look
close_look,close_look
close_look,close_look
close_look,left_look
close_look,close_look
close_look,close_look
close_look,close_look
close_look,close_look
close_look,close_look
close_look,left_look
close_look,close_look
close_look,left_look
close_look,close_look
close_look,left_look
close_look,close_look
close_look,close_look
close_look,close_look
close_look,close_look
close_look,close_look
close_look,close_look
close_look,left_look
close_look,close_look
close_look,left_look
close_look,close_look
close_look,left_look
close_look,close_look
close_look,left_look
close_look,close_look
close_look,close_look
close_look,left_look
close_look,close_look
close_look,close_look
close_look,close_look
close_look,left_look
close_look,close_look
close_look,left_look
close_look,close_look
close_look,close_look
close_look,close_look
close_look,close_look
close_look,close_look
close_look,close_look
close_look,left_look
close_look,close_look
close_look,right_look
close_look,left_look
close_look,right_look
close_look,close_look
close_look,right_look
close_look,close_look
close_look,close_look
close_look,close_look
close_look,close_look
close_look,close_look
close_look,close_look
close_look,close_look
close_look,close_look
close_look,close_look
close_look,close_look
close_look,close_look
close_look,close_look
close_look,close_look
close_look,close_look
close_look,left_look
close_look,close_look
close_look,left_look
close_look,close_look
close_look,left_look
close_look,close_look
close_look,close_look
close_look,close_look
close_look,close_look
close_look,close_look
close_look,close_look
close_look,close_look
close_look,close_look
close_look,close_look
close_look,close_look
close_look,close_look
close_look,close_look
close_look,close_look
close_look,close_look
close_look,close_look
close_look,close_look
close_look,close_look
close_look,close_look
close_look,close_look
close_look,close_look
close_look,close_look
close_look,close_look
close_look,close_look
close_look,close_look
close_look,close_look
close_look,close_look
close_look,close_look
close_look,close_look
close_look,close_look
close_look,close_look
close_look,close_look
close_look,close_look
close_look,close_look
close_look,close_look
close_look,close_look
close_look,close_look
close_look,close_look
close_look,close_look
close_look,close_look
close_look,close_look
close_look,close_look
close_look,close_look
close_look,close_look
close_look,left_look
close_look,close_look
close_look,left_look
close_look,close_look
close_look,close_look
close_look,close_look
close_look,left_look
close_look,close_look
close_look,left_look
close_look,close_look
close_look,left_look
close_look,close_look
close_look,left_look
close_look,close_look
close_look,left_look
close_look,close_look
close_look,close_look
close_look,left_look
close_look,left_look
close_look,left_look
close_look,left_look
close_look,left_look
close_look,close_look
close_look,left_look
close_look,left_look
close_look,left_look
close_look,left_look
close_look,close_look
close_look,left_look
close_look,close_look
close_look,left_look
close_look,close_look
close_look,close_look
close_look,close_look
close_look,close_look
close_look,close_look
close_look,close_look
close_look,close_look
close_look,close_look
close_look,close_look
close_look,close_look
close_look,left_look
close_look,close_look
close_look,close_look
close_look,close_look
close_look,left_look
close_look,close_look
close_look,close_look
close_look,close_look
close_look,close_look
close_look,close_look
close_look,left_look
close_look,close_look
close_look,close_look
close_look,close_look
close_look,left_look
close_look,close_look
close_look,left_look
close_look,close_look
close_look,close_look
close_look,close_look
close_look,close_look
close_look,close_look
close_look,left_look
close_look,close_look
close_look,close_look
close_look,close_look
close_look,close_look
close_look,close_look
close_look,close_look
close_look,close_look
close_look,close_look
close_look,close_look
close_look,close_look
close_look,close_look
close_look,close_look
close_look,close_look
close_look,left_look
close_look,close_look
close_look,close_look
close_look,close_look
close_look,close_look
close_look,close_look
close_look,close_look
close_look,close_look
close_look,close_look
close_look,left_look
close_look,close_look
close_look,left_look
close_look,close_look
close_look,close_look
close_look,close_look
close_look,close_look
close_look,close_look
close_look,close_look
close_look,left_look
close_look,close_look
close_look,close_look
close_look,close_look
close_look,close_look
close_look,close_look
close_look,close_look
close_look,close_look
close_look,close_look
close_look,close_look
close_look,close_look
close_look,close_look
close_look,close_look
close_look,close_look
close_look,close_look
close_look,close_look
close_look,close_look
close_look,close_look
close_look,close_look
close_look,close_look
close_look,close_look
close_look,close_look
close_look,close_look
close_look,close_look
close_look,close_look
close_look,close_look
close_look,close_look
close_look,close_look
close_look,left_look
close_look,close_look
close_look,close_look
close_look,close_look
close_look,close_look
close_look,close_look
close_look,close_look
close_look,close_look
close_look,close_look
close_look,close_look
close_look,left_look
close_look,close_look
close_look,close_look
close_look,close_look
close_look,close_look
close_look,close_look
close_look,close_look
close_look,close_look
close_look,close_look
close_look,close_look
close_look,close_look
close_look,close_look
close_look,close_look
close_look,close_look
close_look,close_look
close_look,close_look
close_look,close_look
close_look,close_look
close_look,close_look
close_look,close_look
close_look,close_look
close_look,close_look
close_look,close_look
close_look,close_look
close_look,close_look
close_look,close_look
close_look,close_look
close_look,close_look
close_look,close_look
close_look,close_look
close_look,close_look
close_look,close_look
close_look,close_look
close_look,close_look
close_look,close_look
close_look,close_look
close_look,close_look
close_look,close_look
close_look,close_look
close_look,close_look
close_look,close_look
close_look,close_look
close_look,close_look
close_look,close_look
close_look,close_look
close_look,close_look
close_look,close_look
close_look,close_look
close_look,close_look
close_look,close_look
close_look,close_look
close_look,close_look
close_look,close_look
close_look,close_look
close_look,close_look
close_look,close_look
close_look,close_look
close_look,close_look
close_look,close_look
close_look,close_look
close_look,close_look
close_look,close_look
close_look,close_look
close_look,close_look
close_look,close_look
close_look,close_look
close_look,close_look
close_look,close_look
close_look,close_look
close_look,close_look
close_look,close_look
close_look,close_look
close_look,close_look
close_look,close_look
close_look,close_look
close_look,close_look
close_look,close_look
close_look,close_look
close_look,close_look
close_look,close_look
close_look,close_look
close_look,close_look
close_look,close_look
close_look,close_look
close_look,close_look
close_look,close_look
close_look,close_look
close_look,close_look
close_look,close_look
close_look,close_look
close_look,close_look
close_look,close_look
close_look,close_look
close_look,right_look
close_look,close_look
close_look,close_look
close_look,close_look
close_look,close_look
close_look,close_look
close_look,close_look
close_look,close_look
close_look,close_look
close_look,close_look
close_look,close_look
close_look,close_look
close_look,close_look
close_look,close_look
close_look,close_look
close_look,close_look
close_look,close_look
close_look,close_look
close_look,close_look
close_look,close_look
close_look,close_look
close_look,close_look
close_look,close_look
close_look,close_look
close_look,close_look
close_look,close_look
close_look,close_look
close_look,close_look
close_look,close_look
close_look,close_look
close_look,close_look
close_look,close_look
close_look,close_look
close_look,close_look
close_look,close_look
close_look,close_look
close_look,close_look
close_look,close_look
close_look,close_look
close_look,close_look
close_look,close_look
close_look,close_look
close_look,close_look
close_look,close_look
close_look,close_look
close_look,close_look
close_look,close_look
close_look,close_look
close_look,close_look
close_look,close_look
close_look,close_look
close_look,close_look
close_look,close_look
close_look,close_look
close_look,close_look
close_look,close_look
close_look,close_look
close_look,close_look
close_look,close_look
close_look,close_look
close_look,close_look
close_look,close_look
close_look,close_look
close_look,close_look
close_look,close_look
close_look,close_look
close_look,close_look
close_look,close_look
close_look,close_look
close_look,close_look
close_look,close_look
close_look,close_look
close_look,close_look
close_look,close_look
close_look,close_look
close_look,close_look
close_look,close_look
close_look,close_look
close_look,close_look
close_look,close_look
close_look,close_look
close_look,close_look
close_look,close_look
close_look,close_look
close_look,close_look
close_look,close_look
close_look,close_look
close_look,close_look
close_look,close_look
close_look,close_look
close_look,close_look
close_look,close_look
close_look,close_look
close_look,close_look
close_look,close_look
close_look,close_look
close_look,close_look
close_look,close_look
close_look,close_look
close_look,close_look
close_look,close_look
close_look,close_look
close_look,close_look
close_look,close_look
close_look,close_look
close_look,close_look
close_look,close_look
close_look,close_look
close_look,close_look
close_look,close_look
close_look,close_look
close_look,close_look
close_look,close_look
close_look,close_look
close_look,close_look
close_look,close_look
close_look,close_look
close_look,close_look
close_look,close_look
close_look,close_look
close_look,close_look
close_look,close_look
close_look,close_look
close_look,close_look
close_look,close_look
close_look,close_look
close_look,close_look
close_look,close_look
close_look,close_look
close_look,close_look
close_look,close_look
close_look,close_look
close_look,close_look
close_look,close_look
close_look,close_look
close_look,close_look
close_look,close_look
close_look,close_look
close_look,close_look
close_look,close_look
close_look,close_look
close_look,close_look
close_look,close_look
close_look,close_look
close_look,close_look
close_look,close_look
close_look,close_look
close_look,close_look
close_look,close_look
close_look,close_look
close_look,close_look
close_look,close_look
close_look,close_look
close_look,close_look
close_look,close_look
close_look,close_look
close_look,close_look
close_look,close_look
close_look,close_look
close_look,close_look
close_look,close_look
close_look,close_look
close_look,close_look
close_look,close_look
close_look,close_look
close_look,close_look
close_look,close_look
close_look,close_look
close_look,close_look
close_look,close_look
close_look,close_look
close_look,close_look
close_look,close_look
close_look,close_look
close_look,close_look
close_look,close_look
close_look,close_look
close_look,close_look
close_look,close_look
close_look,close_look
close_look,close_look
close_look,close_look
close_look,close_look
close_look,close_look
close_look,close_look
close_look,close_look
close_look,close_look
close_look,close_look
close_look,close_look
close_look,close_look
close_look,close_look
close_look,close_look
close_look,close_look
close_look,close_look
close_look,close_look
close_look,close_look
close_look,close_look
close_look,close_look
close_look,close_look
close_look,close_look
close_look,close_look
close_look,close_look
close_look,close_look
close_look,close_look
close_look,close_look
close_look,close_look
close_look,close_look
close_look,close_look
close_look,close_look
close_look,close_look
close_look,close_look
close_look,close_look
close_look,close_look
close_look,close_look
close_look,close_look
close_look,close_look
close_look,close_look
close_look,close_look
close_look,close_look
close_look,close_look
close_look,close_look
close_look,close_look
close_look,close_look
close_look,close_look
close_look,close_look
close_look,close_look
close_look,close_look
close_look,close_look
close_look,close_look
close_look,close_look
close_look,close_look
close_look,close_look
close_look,close_look
close_look,close_look
close_look,close_look
close_look,close_look
close_look,close_look
close_look,close_look
close_look,close_look
close_look,close_look
close_look,close_look
close_look,close_look
close_look,close_look
close_look,close_look
close_look,close_look
close_look,close_look
close_look,close_look
close_look,close_look
close_look,close_look
close_look,close_look
close_look,close_look
close_look,close_look
close_look,close_look
close_look,close_look
close_look,close_look
close_look,close_look
close_look,close_look
close_look,close_look
close_look,close_look
close_look,close_look
close_look,close_look
close_look,close_look
close_look,close_look
close_look,close_look
close_look,close_look
close_look,close_look
close_look,close_look
close_look,close_look
close_look,close_look
close_look,close_look
close_look,close_look
close_look,close_look
close_look,close_look
close_look,close_look
close_look,close_look
close_look,close_look
close_look,close_look
close_look,close_look
close_look,close_look
close_look,close_look
close_look,close_look
close_look,close_look
close_look,close_look
close_look,close_look
close_look,close_look
close_look,close_look
close_look,close_look
close_look,close_look
close_look,close_look
close_look,close_look
close_look,close_look
close_look,close_look
close_look,close_look
close_look,close_look
close_look,close_look
close_look,close_look
close_look,close_look
close_look,close_look
close_look,close_look
close_look,close_look
close_look,close_look
close_look,close_look
close_look,close_look
close_look,close_look
close_look,close_look
close_look,close_look
forward_look,forward_look
forward_look,forward_look
forward_look,forward_look
forward_look,forward_look
forward_look,forward_look
forward_look,forward_look
forward_look,forward_look
forward_look,forward_look
forward_look,forward_look
forward_look,forward_look
forward_look,forward_look
forward_look,forward_look
forward_look,forward_look
forward_look,forward_look
forward_look,forward_look
forward_look,forward_look
forward_look,forward_look
forward_look,forward_look
forward_look,forward_look
forward_look,forward_look
forward_look,forward_look
forward_look,forward_look
forward_look,forward_look
forward_look,forward_look
forward_look,forward_look
forward_look,forward_look
forward_look,forward_look
forward_look,forward_look
forward_look,forward_look
forward_look,forward_look
forward_look,forward_look
forward_look,forward_look
forward_look,forward_look
forward_look,forward_look
forward_look,forward_look
forward_look,forward_look
forward_look,forward_look
forward_look,forward_look
forward_look,forward_look
forward_look,forward_look
forward_look,forward_look
forward_look,forward_look
forward_look,forward_look
forward_look,forward_look
forward_look,forward_look
forward_look,forward_look
forward_look,forward_look
forward_look,forward_look
forward_look,forward_look
forward_look,forward_look
forward_look,forward_look
forward_look,forward_look
forward_look,forward_look
forward_look,forward_look
forward_look,forward_look
forward_look,forward_look
forward_look,forward_look
forward_look,forward_look
forward_look,forward_look
forward_look,forward_look
forward_look,forward_look
forward_look,forward_look
forward_look,forward_look
forward_look,forward_look
forward_look,forward_look
forward_look,forward_look
forward_look,forward_look
forward_look,forward_look
forward_look,forward_look
forward_look,forward_look
forward_look,forward_look
forward_look,forward_look
forward_look,forward_look
forward_look,forward_look
forward_look,forward_look
forward_look,forward_look
forward_look,forward_look
forward_look,forward_look
forward_look,forward_look
forward_look,forward_look
forward_look,forward_look
forward_look,forward_look
forward_look,forward_look
forward_look,forward_look
forward_look,forward_look
forward_look,forward_look
forward_look,forward_look
forward_look,forward_look
forward_look,forward_look
forward_look,forward_look
forward_look,forward_look
forward_look,forward_look
forward_look,forward_look
forward_look,forward_look
forward_look,forward_look
forward_look,forward_look
forward_look,forward_look
forward_look,forward_look
forward_look,forward_look
forward_look,forward_look
forward_look,forward_look
forward_look,forward_look
forward_look,forward_look
forward_look,forward_look
forward_look,forward_look
forward_look,forward_look
forward_look,forward_look
forward_look,forward_look
forward_look,forward_look
forward_look,forward_look
forward_look,forward_look
forward_look,forward_look
forward_look,forward_look
forward_look,forward_look
forward_look,forward_look
forward_look,forward_look
forward_look,forward_look
forward_look,forward_look
forward_look,forward_look
forward_look,forward_look
forward_look,forward_look
forward_look,forward_look
forward_look,forward_look
forward_look,forward_look
forward_look,forward_look
forward_look,forward_look
forward_look,forward_look
forward_look,forward_look
forward_look,forward_look
forward_look,forward_look
forward_look,forward_look
forward_look,forward_look
forward_look,forward_look
forward_look,forward_look
forward_look,forward_look
forward_look,forward_look
forward_look,forward_look
forward_look,forward_look
forward_look,forward_look
forward_look,forward_look
forward_look,forward_look
forward_look,forward_look
forward_look,forward_look
forward_look,forward_look
forward_look,forward_look
forward_look,forward_look
forward_look,forward_look
forward_look,forward_look
forward_look,forward_look
forward_look,forward_look
forward_look,forward_look
forward_look,forward_look
forward_look,forward_look
forward_look,forward_look
forward_look,forward_look
forward_look,forward_look
forward_look,forward_look
forward_look,forward_look
forward_look,forward_look
forward_look,forward_look
forward_look,close_look
forward_look,forward_look
forward_look,forward_look
forward_look,forward_look
forward_look,forward_look
forward_look,forward_look
forward_look,forward_look
forward_look,forward_look
forward_look,forward_look
forward_look,forward_look
forward_look,forward_look
forward_look,forward_look
forward_look,forward_look
forward_look,forward_look
forward_look,forward_look
forward_look,forward_look
forward_look,right_look
forward_look,forward_look
forward_look,forward_look
forward_look,forward_look
forward_look,forward_look
forward_look,forward_look
forward_look,forward_look
forward_look,forward_look
forward_look,forward_look
forward_look,forward_look
forward_look,forward_look
forward_look,forward_look
forward_look,forward_look
forward_look,close_look
forward_look,forward_look
forward_look,forward_look
forward_look,forward_look
forward_look,left_look
forward_look,forward_look
forward_look,forward_look
forward_look,forward_look
forward_look,forward_look
forward_look,forward_look
forward_look,forward_look
forward_look,forward_look
forward_look,forward_look
forward_look,forward_look
forward_look,forward_look
forward_look,forward_look
forward_look,forward_look
forward_look,forward_look
forward_look,forward_look
forward_look,forward_look
forward_look,forward_look
forward_look,forward_look
forward_look,forward_look
forward_look,forward_look
forward_look,forward_look
forward_look,forward_look
forward_look,forward_look
forward_look,forward_look
forward_look,forward_look
forward_look,forward_look
forward_look,forward_look
forward_look,forward_look
forward_look,forward_look
forward_look,forward_look
forward_look,forward_look
forward_look,forward_look
forward_look,forward_look
forward_look,forward_look
forward_look,forward_look
forward_look,forward_look
forward_look,forward_look
forward_look,forward_look
forward_look,forward_look
forward_look,forward_look
forward_look,forward_look
forward_look,forward_look
forward_look,forward_look
forward_look,forward_look
forward_look,left_look
forward_look,forward_look
forward_look,forward_look
forward_look,forward_look
forward_look,left_look
forward_look,forward_look
forward_look,forward_look
forward_look,forward_look
forward_look,forward_look
forward_look,forward_look
forward_look,forward_look
forward_look,forward_look
forward_look,forward_look
forward_look,forward_look
forward_look,forward_look
forward_look,forward_look
forward_look,forward_look
forward_look,forward_look
forward_look,forward_look
forward_look,forward_look
forward_look,forward_look
forward_look,forward_look
forward_look,left_look
forward_look,forward_look
forward_look,forward_look
forward_look,forward_look
forward_look,forward_look
forward_look,forward_look
forward_look,forward_look
forward_look,forward_look
forward_look,forward_look
forward_look,forward_look
forward_look,forward_look
forward_look,forward_look
forward_look,forward_look
forward_look,forward_look
forward_look,forward_look
forward_look,forward_look
forward_look,forward_look
forward_look,forward_look
forward_look,forward_look
forward_look,forward_look
forward_look,forward_look
forward_look,forward_look
forward_look,forward_look
forward_look,forward_look
forward_look,forward_look
forward_look,forward_look
forward_look,forward_look
forward_look,forward_look
forward_look,forward_look
forward_look,forward_look
forward_look,forward_look
forward_look,forward_look
forward_look,forward_look
forward_look,forward_look
forward_look,forward_look
forward_look,forward_look
forward_look,forward_look
forward_look,forward_look
forward_look,forward_look
forward_look,forward_look
forward_look,forward_look
forward_look,forward_look
forward_look,forward_look
forward_look,forward_look
forward_look,forward_look
forward_look,forward_look
forward_look,forward_look
forward_look,forward_look
forward_look,forward_look
forward_look,forward_look
forward_look,forward_look
forward_look,forward_look
forward_look,forward_look
forward_look,forward_look
forward_look,forward_look
forward_look,forward_look
forward_look,forward_look
forward_look,forward_look
forward_look,forward_look
forward_look,forward_look
forward_look,forward_look
forward_look,forward_look
forward_look,forward_look
forward_look,forward_look
forward_look,forward_look
forward_look,forward_look
forward_look,forward_look
forward_look,forward_look
forward_look,forward_look
forward_look,right_look
forward_look,forward_look
forward_look,forward_look
forward_look,forward_look
forward_look,forward_look
forward_look,forward_look
forward_look,forward_look
forward_look,forward_look
forward_look,forward_look
forward_look,forward_look
forward_look,forward_look
forward_look,forward_look
forward_look,forward_look
forward_look,forward_look
forward_look,forward_look
forward_look,forward_look
forward_look,forward_look
forward_look,right_look
forward_look,forward_look
forward_look,forward_look
forward_look,forward_look
forward_look,forward_look
forward_look,forward_look
forward_look,forward_look
forward_look,forward_look
forward_look,forward_look
forward_look,forward_look
forward_look,forward_look
forward_look,forward_look
forward_look,forward_look
forward_look,forward_look
forward_look,forward_look
forward_look,forward_look
forward_look,forward_look
forward_look,forward_look
forward_look,forward_look
forward_look,forward_look
forward_look,forward_look
forward_look,forward_look
forward_look,forward_look
forward_look,forward_look
forward_look,forward_look
forward_look,forward_look
forward_look,forward_look
forward_look,forward_look
forward_look,forward_look
forward_look,forward_look
forward_look,forward_look
forward_look,forward_look
forward_look,forward_look
forward_look,forward_look
forward_look,forward_look
forward_look,forward_look
forward_look,forward_look
forward_look,forward_look
forward_look,forward_look
forward_look,forward_look
forward_look,forward_look
forward_look,forward_look
forward_look,forward_look
forward_look,forward_look
forward_look,forward_look
forward_look,forward_look
forward_look,forward_look
forward_look,forward_look
forward_look,forward_look
forward_look,forward_look
forward_look,forward_look
forward_look,forward_look
forward_look,forward_look
forward_look,forward_look
forward_look,forward_look
forward_look,forward_look
forward_look,forward_look
forward_look,forward_look
forward_look,forward_look
forward_look,forward_look
forward_look,forward_look
forward_look,forward_look
forward_look,forward_look
forward_look,forward_look
forward_look,forward_look
forward_look,forward_look
forward_look,forward_look
forward_look,forward_look
forward_look,forward_look
forward_look,forward_look
forward_look,forward_look
forward_look,forward_look
forward_look,forward_look
forward_look,forward_look
forward_look,forward_look
forward_look,forward_look
forward_look,forward_look
forward_look,forward_look
forward_look,forward_look
forward_look,forward_look
forward_look,forward_look
forward_look,forward_look
forward_look,forward_look
forward_look,forward_look
forward_look,forward_look
forward_look,forward_look
forward_look,forward_look
forward_look,forward_look
forward_look,forward_look
forward_look,forward_look
forward_look,forward_look
forward_look,forward_look
forward_look,forward_look
forward_look,forward_look
forward_look,forward_look
forward_look,forward_look
forward_look,forward_look
forward_look,forward_look
forward_look,forward_look
forward_look,forward_look
forward_look,forward_look
forward_look,forward_look
forward_look,forward_look
forward_look,forward_look
forward_look,forward_look
forward_look,forward_look
forward_look,left_look
forward_look,forward_look
forward_look,forward_look
forward_look,forward_look
forward_look,forward_look
forward_look,forward_look
forward_look,forward_look
forward_look,forward_look
forward_look,forward_look
forward_look,forward_look
forward_look,forward_look
forward_look,forward_look
forward_look,forward_look
forward_look,forward_look
forward_look,forward_look
forward_look,forward_look
forward_look,forward_look
forward_look,left_look
forward_look,forward_look
forward_look,forward_look
forward_look,forward_look
forward_look,forward_look
forward_look,forward_look
forward_look,forward_look
forward_look,left_look
forward_look,forward_look
forward_look,left_look
forward_look,forward_look
forward_look,forward_look
forward_look,forward_look
forward_look,left_look
forward_look,forward_look
forward_look,forward_look
forward_look,forward_look
forward_look,forward_look
forward_look,forward_look
forward_look,forward_look
forward_look,forward_look
forward_look,forward_look
forward_look,forward_look
forward_look,forward_look
forward_look,forward_look
forward_look,forward_look
forward_look,forward_look
forward_look,left_look
forward_look,forward_look
forward_look,forward_look
forward_look,forward_look
forward_look,right_look
forward_look,forward_look
forward_look,forward_look
forward_look,forward_look
forward_look,left_look
forward_look,right_look
forward_look,forward_look
forward_look,right_look
forward_look,forward_look
forward_look,close_look
forward_look,right_look
forward_look,right_look
forward_look,forward_look
forward_look,right_look
forward_look,forward_look
forward_look,close_look
forward_look,forward_look
forward_look,forward_look
forward_look,close_look
forward_look,forward_look
forward_look,left_look
forward_look,forward_look
forward_look,close_look
forward_look,forward_look
forward_look,forward_look
forward_look,forward_look
forward_look,close_look
forward_look,forward_look
forward_look,forward_look
forward_look,left_look
forward_look,forward_look
forward_look,right_look
forward_look,forward_look
forward_look,left_look
forward_look,forward_look
forward_look,right_look
forward_look,forward_look
forward_look,close_look
forward_look,forward_look
forward_look,forward_look
forward_look,close_look
forward_look,forward_look
forward_look,right_look
forward_look,forward_look
forward_look,right_look
forward_look,forward_look
forward_look,close_look
forward_look,forward_look
forward_look,close_look
forward_look,forward_look
forward_look,forward_look
forward_look,left_look
forward_look,forward_look
forward_look,close_look
forward_look,forward_look
forward_look,close_look
forward_look,forward_look
forward_look,close_look
forward_look,forward_look
forward_look,right_look
forward_look,forward_look
forward_look,forward_look
forward_look,right_look
forward_look,forward_look
forward_look,left_look
forward_look,forward_look
forward_look,right_look
forward_look,forward_look
forward_look,right_look
forward_look,forward_look
forward_look,close_look
forward_look,forward_look
forward_look,forward_look
forward_look,close_look
forward_look,forward_look
forward_look,right_look
forward_look,forward_look
forward_look,right_look
forward_look,forward_look
forward_look,right_look
forward_look,forward_look
forward_look,left_look
forward_look,forward_look
forward_look,forward_look
forward_look,forward_look
forward_look,forward_look
forward_look,close_look
forward_look,forward_look
forward_look,right_look
forward_look,forward_look
forward_look,forward_look
forward_look,forward_look
forward_look,close_look
forward_look,forward_look
forward_look,right_look
forward_look,forward_look
forward_look,forward_look
forward_look,forward_look
forward_look,forward_look
forward_look,forward_look
forward_look,forward_look
forward_look,forward_look
forward_look,forward_look
forward_look,forward_look
forward_look,forward_look
forward_look,forward_look
forward_look,forward_look
forward_look,forward_look
forward_look,forward_look
forward_look,forward_look
forward_look,forward_look
forward_look,forward_look
forward_look,forward_look
forward_look,left_look
forward_look,forward_look
forward_look,forward_look
forward_look,forward_look
forward_look,forward_look
forward_look,forward_look
forward_look,forward_look
forward_look,forward_look
forward_look,forward_look
forward_look,forward_look
forward_look,forward_look
forward_look,forward_look
forward_look,forward_look
forward_look,forward_look
forward_look,forward_look
forward_look,forward_look
forward_look,forward_look
forward_look,forward_look
forward_look,forward_look
forward_look,forward_look
forward_look,forward_look
forward_look,forward_look
forward_look,forward_look
forward_look,forward_look
forward_look,forward_look
forward_look,forward_look
forward_look,forward_look
forward_look,forward_look
forward_look,forward_look
forward_look,forward_look
forward_look,forward_look
forward_look,forward_look
forward_look,forward_look
forward_look,forward_look
forward_look,forward_look
forward_look,forward_look
forward_look,forward_look
forward_look,forward_look
forward_look,forward_look
forward_look,forward_look
forward_look,forward_look
forward_look,forward_look
forward_look,forward_look
forward_look,forward_look
forward_look,forward_look
forward_look,forward_look
forward_look,forward_look
forward_look,forward_look
forward_look,forward_look
forward_look,forward_look
forward_look,forward_look
forward_look,forward_look
forward_look,forward_look
forward_look,forward_look
forward_look,forward_look
forward_look,forward_look
forward_look,forward_look
forward_look,forward_look
forward_look,forward_look
forward_look,forward_look
forward_look,forward_look
forward_look,forward_look
forward_look,forward_look
forward_look,forward_look
forward_look,forward_look
forward_look,forward_look
forward_look,forward_look
forward_look,forward_look
forward_look,forward_look
forward_look,forward_look
forward_look,forward_look
forward_look,close_look
forward_look,forward_look
forward_look,forward_look
forward_look,forward_look
forward_look,forward_look
forward_look,forward_look
forward_look,forward_look
forward_look,forward_look
left_look,forward_look
left_look,left_look
left_look,left_look
left_look,right_look
left_look,forward_look
left_look,right_look
left_look,left_look
left_look,left_look
left_look,left_look
left_look,left_look
left_look,left_look
left_look,right_look
left_look,left_look
left_look,left_look
left_look,left_look
left_look,right_look
left_look,right_look
left_look,left_look
left_look,left_look
left_look,left_look
left_look,left_look
left_look,left_look
left_look,left_look
left_look,left_look
left_look,left_look
left_look,left_look
left_look,left_look
left_look,left_look
left_look,left_look
left_look,left_look
left_look,left_look
left_look,left_look
left_look,left_look
left_look,left_look
left_look,right_look
left_look,left_look
left_look,left_look
left_look,left_look
left_look,left_look
left_look,left_look
left_look,right_look
left_look,left_look
left_look,left_look
left_look,left_look
left_look,left_look
left_look,left_look
left_look,left_look
left_look,left_look
left_look,right_look
left_look,left_look
left_look,left_look
left_look,left_look
left_look,right_look
left_look,left_look
left_look,left_look
left_look,left_look
left_look,left_look
left_look,left_look
left_look,left_look
left_look,left_look
left_look,left_look
left_look,left_look
left_look,left_look
left_look,left_look
left_look,left_look
left_look,left_look
left_look,left_look
left_look,left_look
left_look,right_look
left_look,left_look
left_look,left_look
left_look,left_look
left_look,right_look
left_look,left_look
left_look,left_look
left_look,left_look
left_look,left_look
left_look,right_look
left_look,right_look
left_look,left_look
left_look,left_look
left_look,left_look
left_look,right_look
left_look,left_look
left_look,left_look
left_look,left_look
left_look,right_look
left_look,left_look
left_look,left_look
left_look,left_look
left_look,right_look
left_look,left_look
left_look,left_look
left_look,left_look
left_look,right_look
left_look,left_look
left_look,right_look
left_look,left_look
left_look,left_look
left_look,left_look
left_look,right_look
left_look,left_look
left_look,left_look
left_look,left_look
left_look,right_look
left_look,left_look
left_look,left_look
left_look,left_look
left_look,left_look
left_look,left_look
left_look,left_look
left_look,left_look
left_look,right_look
left_look,left_look
left_look,left_look
left_look,left_look
left_look,right_look
left_look,left_look
left_look,left_look
left_look,left_look
left_look,left_look
left_look,left_look
left_look,right_look
left_look,left_look
left_look,left_look
left_look,left_look
left_look,right_look
left_look,left_look
left_look,left_look
left_look,left_look
left_look,right_look
left_look,left_look
left_look,left_look
left_look,left_look
left_look,right_look
left_look,left_look
left_look,left_look
left_look,left_look
left_look,right_look
left_look,left_look
left_look,right_look
left_look,left_look
left_look,left_look
left_look,left_look
left_look,right_look
left_look,left_look
left_look,left_look
left_look,left_look
left_look,right_look
left_look,left_look
left_look,left_look
left_look,left_look
left_look,right_look
left_look,left_look
left_look,left_look
left_look,forward_look
left_look,right_look
left_look,left_look
left_look,left_look
left_look,left_look
left_look,right_look
left_look,left_look
left_look,left_look
left_look,left_look
left_look,left_look
left_look,left_look
left_look,right_look
left_look,left_look
left_look,left_look
left_look,left_look
left_look,right_look
left_look,left_look
left_look,left_look
left_look,left_look
left_look,right_look
left_look,left_look
left_look,left_look
left_look,left_look
left_look,left_look
left_look,left_look
left_look,left_look
left_look,left_look
left_look,right_look
left_look,left_look
left_look,left_look
left_look,left_look
left_look,left_look
left_look,left_look
left_look,right_look
left_look,left_look
left_look,left_look
left_look,left_look
left_look,right_look
left_look,left_look
left_look,left_look
left_look,forward_look
left_look,right_look
left_look,left_look
left_look,left_look
left_look,left_look
left_look,right_look
left_look,left_look
left_look,left_look
left_look,right_look
left_look,right_look
left_look,left_look
left_look,left_look
left_look,left_look
left_look,left_look
left_look,left_look
left_look,right_look
left_look,left_look
left_look,left_look
left_look,left_look
left_look,left_look
left_look,left_look
left_look,left_look
left_look,right_look
left_look,right_look
left_look,left_look
left_look,left_look
left_look,left_look
left_look,right_look
left_look,left_look
left_look,left_look
left_look,left_look
left_look,right_look
left_look,forward_look
left_look,left_look
left_look,left_look
left_look,left_look
left_look,left_look
left_look,left_look
left_look,right_look
left_look,right_look
left_look,left_look
left_look,left_look
left_look,left_look
left_look,right_look
left_look,left_look
left_look,left_look
left_look,left_look
left_look,right_look
left_look,left_look
left_look,left_look
left_look,left_look
left_look,right_look
left_look,left_look
left_look,left_look
left_look,left_look
left_look,right_look
left_look,forward_look
left_look,left_look
left_look,left_look
left_look,right_look
left_look,left_look
left_look,right_look
left_look,left_look
left_look,left_look
left_look,left_look
left_look,left_look
left_look,left_look
left_look,left_look
left_look,left_look
left_look,right_look
left_look,left_look
left_look,left_look
left_look,right_look
left_look,right_look
left_look,right_look
left_look,left_look
left_look,left_look
left_look,right_look
left_look,left_look
left_look,left_look
left_look,right_look
left_look,left_look
left_look,right_look
left_look,right_look
left_look,right_look
left_look,left_look
left_look,right_look
left_look,left_look
left_look,right_look
left_look,left_look
left_look,right_look
left_look,left_look
left_look,right_look
left_look,left_look
left_look,right_look
left_look,left_look
left_look,right_look
left_look,right_look
left_look,right_look
left_look,left_look
left_look,right_look
left_look,left_look
left_look,left_look
left_look,left_look
left_look,right_look
left_look,left_look
left_look,left_look
left_look,left_look
left_look,right_look
left_look,left_look
left_look,right_look
left_look,left_look
left_look,right_look
left_look,left_look
left_look,right_look
left_look,left_look
left_look,left_look
left_look,left_look
left_look,left_look
left_look,left_look
left_look,right_look
left_look,left_look
left_look,right_look
left_look,left_look
left_look,right_look
left_look,left_look
left_look,right_look
left_look,left_look
left_look,right_look
left_look,left_look
left_look,right_look
left_look,left_look
left_look,right_look
left_look,left_look
left_look,right_look
left_look,left_look
left_look,right_look
left_look,left_look
left_look,right_look
left_look,left_look
left_look,right_look
left_look,left_look
left_look,left_look
left_look,left_look
left_look,right_look
left_look,left_look
left_look,right_look
left_look,left_look
left_look,right_look
left_look,left_look
left_look,right_look
left_look,left_look
left_look,right_look
left_look,left_look
left_look,left_look
left_look,left_look
left_look,right_look
left_look,left_look
left_look,right_look
left_look,left_look
left_look,right_look
left_look,left_look
left_look,right_look
left_look,left_look
left_look,right_look
left_look,left_look
left_look,left_look
left_look,left_look
left_look,right_look
left_look,left_look
left_look,right_look
left_look,left_look
left_look,right_look
left_look,left_look
left_look,right_look
left_look,left_look
left_look,right_look
left_look,right_look
left_look,left_look
left_look,left_look
left_look,right_look
left_look,left_look
left_look,right_look
left_look,left_look
left_look,right_look
left_look,left_look
left_look,right_look
left_look,right_look
left_look,right_look
left_look,left_look
left_look,right_look
left_look,left_look
left_look,left_look
left_look,right_look
left_look,right_look
left_look,left_look
left_look,right_look
left_look,left_look
left_look,right_look
left_look,left_look
left_look,right_look
left_look,left_look
left_look,right_look
left_look,left_look
left_look,left_look
left_look,left_look
left_look,right_look
left_look,left_look
left_look,right_look
left_look,left_look
left_look,right_look
left_look,left_look
left_look,right_look
left_look,left_look
left_look,right_look
left_look,left_look
left_look,left_look
left_look,left_look
left_look,right_look
left_look,left_look
left_look,right_look
left_look,left_look
left_look,right_look
left_look,left_look
left_look,right_look
left_look,left_look
left_look,right_look
left_look,left_look
left_look,left_look
left_look,left_look
left_look,right_look
left_look,left_look
left_look,right_look
left_look,left_look
left_look,right_look
left_look,left_look
left_look,right_look
left_look,left_look
left_look,right_look
left_look,left_look
left_look,left_look
left_look,left_look
left_look,right_look
left_look,left_look
left_look,right_look
left_look,left_look
left_look,right_look
left_look,left_look
left_look,right_look
left_look,left_look
left_look,right_look
left_look,left_look
left_look,right_look
left_look,left_look
left_look,right_look
left_look,left_look
left_look,right_look
left_look,left_look
left_look,right_look
left_look,left_look
left_look,right_look
left_look,left_look
left_look,right_look
left_look,left_look
left_look,left_look
left_look,left_look
left_look,right_look
left_look,left_look
left_look,right_look
left_look,left_look
left_look,right_look
left_look,left_look
left_look,right_look
left_look,left_look
left_look,right_look
left_look,left_look
left_look,left_look
left_look,left_look
left_look,right_look
left_look,left_look
left_look,right_look
left_look,left_look
left_look,right_look
left_look,left_look
left_look,right_look
left_look,left_look
left_look,right_look
left_look,left_look
left_look,left_look
left_look,left_look
left_look,right_look
left_look,left_look
left_look,right_look
left_look,left_look
left_look,right_look
left_look,left_look
left_look,right_look
left_look,left_look
left_look,right_look
left_look,right_look
left_look,left_look
left_look,left_look
left_look,left_look
left_look,left_look
left_look,right_look
left_look,left_look
left_look,right_look
left_look,left_look
left_look,right_look
left_look,right_look
left_look,right_look
left_look,left_look
left_look,right_look
left_look,left_look
left_look,forward_look
left_look,left_look
left_look,right_look
left_look,right_look
left_look,right_look
left_look,right_look
left_look,right_look
left_look,right_look
left_look,right_look
left_look,right_look
left_look,right_look
left_look,left_look
left_look,left_look
left_look,right_look
left_look,right_look
left_look,right_look
left_look,right_look
left_look,right_look
left_look,right_look
left_look,right_look
left_look,right_look
left_look,right_look
left_look,right_look
left_look,forward_look
left_look,left_look
left_look,right_look
left_look,right_look
left_look,right_look
left_look,right_look
left_look,right_look
left_look,right_look
left_look,right_look
left_look,right_look
left_look,right_look
left_look,right_look
left_look,left_look
left_look,left_look
left_look,right_look
left_look,right_look
left_look,right_look
left_look,right_look
left_look,right_look
left_look,right_look
left_look,right_look
left_look,right_look
left_look,right_look
left_look,right_look
left_look,left_look
left_look,left_look
left_look,right_look
left_look,right_look
left_look,right_look
left_look,right_look
left_look,right_look
left_look,right_look
left_look,right_look
left_look,right_look
left_look,right_look
left_look,right_look
left_look,left_look
left_look,left_look
left_look,right_look
left_look,right_look
left_look,right_look
left_look,right_look
left_look,right_look
left_look,right_look
left_look,right_look
left_look,right_look
left_look,right_look
left_look,right_look
left_look,left_look
left_look,left_look
left_look,right_look
left_look,right_look
left_look,right_look
left_look,right_look
left_look,right_look
left_look,right_look
left_look,right_look
left_look,right_look
left_look,right_look
left_look,right_look
left_look,left_look
left_look,right_look
left_look,right_look
left_look,right_look
left_look,right_look
left_look,right_look
left_look,left_look
left_look,right_look
left_look,left_look
left_look,right_look
left_look,left_look
left_look,right_look
left_look,left_look
left_look,left_look
left_look,left_look
left_look,right_look
left_look,left_look
left_look,right_look
left_look,right_look
left_look,right_look
left_look,right_look
left_look,right_look
left_look,left_look
left_look,right_look
left_look,right_look
left_look,right_look
left_look,left_look
left_look,left_look
left_look,right_look
left_look,right_look
left_look,left_look
left_look,right_look
left_look,left_look
left_look,right_look
left_look,left_look
left_look,right_look
left_look,left_look
left_look,right_look
left_look,left_look
left_look,left_look
left_look,left_look
left_look,right_look
left_look,left_look
left_look,right_look
left_look,right_look
left_look,right_look
left_look,right_look
left_look,right_look
left_look,left_look
left_look,right_look
left_look,left_look
left_look,left_look
left_look,right_look
left_look,right_look
left_look,right_look
left_look,right_look
left_look,right_look
left_look,right_look
left_look,right_look
left_look,right_look
left_look,left_look
left_look,right_look
left_look,left_look
left_look,left_look
left_look,right_look
left_look,right_look
left_look,right_look
left_look,right_look
left_look,right_look
left_look,right_look
left_look,right_look
left_look,right_look
left_look,left_look
left_look,right_look
left_look,forward_look
left_look,left_look
left_look,right_look
left_look,right_look
left_look,right_look
left_look,right_look
left_look,left_look
left_look,right_look
left_look,left_look
left_look,right_look
left_look,left_look
left_look,right_look
left_look,left_look
left_look,left_look
left_look,right_look
left_look,right_look
left_look,left_look
left_look,right_look
left_look,left_look
left_look,right_look
left_look,right_look
left_look,right_look
left_look,left_look
left_look,right_look
left_look,left_look
left_look,left_look
left_look,right_look
left_look,right_look
left_look,left_look
left_look,right_look
left_look,left_look
left_look,right_look
left_look,right_look
right_look,left_look
right_look,right_look
right_look,forward_look
right_look,right_look
right_look,left_look
right_look,right_look
right_look,left_look
right_look,left_look
right_look,left_look
right_look,right_look
right_look,left_look
right_look,right_look
right_look,left_look
right_look,right_look
right_look,left_look
right_look,right_look
right_look,left_look
right_look,right_look
right_look,left_look
right_look,right_look
right_look,left_look
right_look,right_look
right_look,left_look
right_look,right_look
right_look,left_look
right_look,right_look
right_look,left_look
right_look,right_look
right_look,right_look
right_look,left_look
right_look,left_look
right_look,forward_look
right_look,left_look
right_look,right_look
right_look,left_look
right_look,right_look
right_look,left_look
right_look,right_look
right_look,left_look
right_look,right_look
right_look,left_look
right_look,right_look
right_look,left_look
right_look,right_look
right_look,left_look
right_look,right_look
right_look,left_look
right_look,left_look
right_look,left_look
right_look,right_look
right_look,left_look
right_look,left_look
right_look,left_look
right_look,right_look
right_look,left_look
right_look,left_look
right_look,left_look
right_look,left_look
right_look,left_look
right_look,right_look
right_look,left_look
right_look,right_look
right_look,left_look
right_look,right_look
right_look,left_look
right_look,right_look
right_look,left_look
right_look,right_look
right_look,left_look
right_look,right_look
right_look,left_look
right_look,right_look
right_look,left_look
right_look,left_look
right_look,left_look
right_look,right_look
right_look,left_look
right_look,right_look
right_look,left_look
right_look,forward_look
right_look,left_look
right_look,right_look
right_look,left_look
right_look,right_look
right_look,left_look
right_look,right_look
right_look,left_look
right_look,right_look
right_look,left_look
right_look,right_look
right_look,left_look
right_look,right_look
right_look,left_look
right_look,right_look
right_look,right_look
right_look,left_look
right_look,left_look
right_look,right_look
right_look,left_look
right_look,right_look
right_look,left_look
right_look,right_look
right_look,left_look
right_look,left_look
right_look,left_look
right_look,right_look
right_look,left_look
right_look,right_look
right_look,left_look
right_look,right_look
right_look,left_look
right_look,right_look
right_look,right_look
right_look,right_look
right_look,left_look
right_look,right_look
right_look,left_look
right_look,left_look
right_look,left_look
right_look,right_look
right_look,left_look
right_look,right_look
right_look,left_look
right_look,right_look
right_look,left_look
right_look,right_look
right_look,left_look
right_look,forward_look
right_look,left_look
right_look,right_look
right_look,left_look
right_look,right_look
right_look,left_look
right_look,right_look
right_look,left_look
right_look,right_look
right_look,left_look
right_look,right_look
right_look,right_look
right_look,left_look
right_look,left_look
right_look,right_look
right_look,left_look
right_look,right_look
right_look,left_look
right_look,right_look
right_look,left_look
right_look,right_look
right_look,left_look
right_look,right_look
right_look,left_look
right_look,forward_look
right_look,left_look
right_look,right_look
right_look,left_look
right_look,right_look
right_look,left_look
right_look,right_look
right_look,left_look
right_look,right_look
right_look,left_look
right_look,left_look
right_look,forward_look
right_look,right_look
right_look,forward_look
right_look,right_look
right_look,left_look
right_look,right_look
right_look,left_look
right_look,right_look
right_look,left_look
right_look,right_look
right_look,left_look
right_look,left_look
right_look,left_look
right_look,forward_look
right_look,left_look
right_look,right_look
right_look,left_look
right_look,right_look
right_look,left_look
right_look,right_look
right_look,right_look
right_look,left_look
right_look,left_look
right_look,right_look
right_look,left_look
right_look,left_look
right_look,left_look
right_look,left_look
right_look,left_look
right_look,right_look
right_look,left_look
right_look,left_look
right_look,left_look
right_look,left_look
right_look,left_look
right_look,left_look
right_look,left_look
right_look,left_look
right_look,left_look
right_look,left_look
right_look,left_look
right_look,right_look
right_look,left_look
right_look,left_look
right_look,left_look
right_look,left_look
right_look,left_look
right_look,left_look
right_look,left_look
right_look,left_look
right_look,left_look
right_look,left_look
right_look,left_look
right_look,left_look
right_look,left_look
right_look,left_look
right_look,left_look
right_look,left_look
right_look,left_look
right_look,left_look
right_look,forward_look
right_look,forward_look
right_look,left_look
right_look,left_look
right_look,left_look
right_look,right_look
right_look,right_look
right_look,left_look
right_look,left_look
right_look,left_look
right_look,left_look
right_look,left_look
right_look,left_look
right_look,left_look
right_look,left_look
right_look,left_look
right_look,left_look
right_look,left_look
right_look,left_look
right_look,left_look
right_look,left_look
right_look,left_look
right_look,left_look
right_look,left_look
right_look,left_look
right_look,left_look
right_look,left_look
right_look,forward_look
right_look,left_look
right_look,left_look
right_look,left_look
right_look,left_look
right_look,left_look
right_look,left_look
right_look,left_look
right_look,left_look
right_look,left_look
right_look,left_look
right_look,left_look
right_look,left_look
right_look,left_look
right_look,left_look
right_look,left_look
right_look,left_look
right_look,left_look
right_look,left_look
right_look,left_look
right_look,left_look
right_look,left_look
right_look,left_look
right_look,right_look
right_look,left_look
right_look,left_look
right_look,left_look
right_look,left_look
right_look,forward_look
right_look,right_look
right_look,left_look
right_look,right_look
right_look,left_look
right_look,left_look
right_look,left_look
right_look,left_look
right_look,left_look
right_look,left_look
right_look,left_look
right_look,left_look
right_look,left_look
right_look,left_look
right_look,left_look
right_look,left_look
right_look,left_look
right_look,left_look
right_look,left_look
right_look,left_look
right_look,left_look
right_look,left_look
right_look,left_look
right_look,left_look
right_look,right_look
right_look,left_look
right_look,left_look
right_look,left_look
right_look,left_look
right_look,left_look
right_look,left_look
right_look,left_look
right_look,left_look
right_look,left_look
right_look,left_look
right_look,left_look
right_look,left_look
right_look,left_look
right_look,left_look
right_look,right_look
right_look,left_look
right_look,left_look
right_look,left_look
right_look,left_look
right_look,left_look
right_look,left_look
right_look,left_look
right_look,left_look
right_look,left_look
right_look,left_look
right_look,left_look
right_look,left_look
right_look,left_look
right_look,left_look
right_look,left_look
right_look,left_look
right_look,left_look
right_look,left_look
right_look,left_look
right_look,left_look
right_look,left_look
right_look,left_look
right_look,left_look
right_look,left_look
right_look,left_look
right_look,left_look
right_look,left_look
right_look,left_look
right_look,left_look
right_look,left_look
right_look,left_look
right_look,left_look
right_look,forward_look
right_look,left_look
right_look,left_look
right_look,left_look
right_look,left_look
right_look,left_look
right_look,left_look
right_look,left_look
right_look,left_look
right_look,left_look
right_look,left_look
right_look,right_look
right_look,left_look
right_look,left_look
right_look,left_look
right_look,left_look
right_look,left_look
right_look,left_look
right_look,left_look
right_look,left_look
right_look,left_look
right_look,left_look
right_look,left_look
right_look,left_look
right_look,forward_look
right_look,left_look
right_look,left_look
right_look,left_look
right_look,left_look
right_look,left_look
right_look,left_look
right_look,left_look
right_look,left_look
right_look,left_look
right_look,left_look
right_look,left_look
right_look,left_look
right_look,left_look
right_look,left_look
right_look,left_look
right_look,left_look
right_look,left_look
right_look,left_look
right_look,left_look
right_look,left_look
right_look,left_look
right_look,left_look
right_look,left_look
right_look,forward_look
right_look,left_look
right_look,left_look
right_look,left_look
right_look,left_look
right_look,left_look
right_look,left_look
right_look,right_look
right_look,left_look
right_look,left_look
right_look,left_look
right_look,left_look
right_look,left_look
right_look,left_look
right_look,left_look
right_look,left_look
right_look,left_look
right_look,left_look
right_look,left_look
right_look,left_look
right_look,left_look
right_look,left_look
right_look,left_look
right_look,left_look
right_look,forward_look
right_look,left_look
right_look,left_look
right_look,left_look
right_look,left_look
right_look,left_look
right_look,left_look
right_look,left_look
right_look,left_look
right_look,left_look
right_look,left_look
right_look,left_look
right_look,left_look
right_look,left_look
right_look,left_look
right_look,left_look
right_look,left_look
right_look,left_look
right_look,left_look
right_look,left_look
right_look,left_look
right_look,left_look
right_look,left_look
right_look,left_look
right_look,forward_look
right_look,left_look
right_look,left_look
right_look,left_look
right_look,right_look
right_look,right_look
right_look,left_look
right_look,left_look
right_look,left_look
right_look,left_look
right_look,left_look
right_look,left_look
right_look,left_look
right_look,left_look
right_look,left_look
right_look,left_look
right_look,left_look
right_look,left_look
right_look,left_look
right_look,left_look
right_look,left_look
right_look,left_look
right_look,left_look
right_look,left_look
right_look,left_look
right_look,left_look
right_look,forward_look
right_look,left_look
right_look,left_look
right_look,left_look
right_look,left_look
right_look,left_look
right_look,left_look
right_look,left_look
right_look,left_look
right_look,left_look
right_look,left_look
right_look,left_look
right_look,left_look
right_look,left_look
right_look,left_look
right_look,left_look
right_look,left_look
right_look,left_look
right_look,left_look
right_look,left_look
right_look,left_look
right_look,left_look
right_look,left_look
right_look,right_look
right_look,left_look
right_look,left_look
right_look,forward_look
right_look,left_look
right_look,left_look
right_look,left_look
right_look,left_look
right_look,left_look
right_look,left_look
right_look,left_look
right_look,left_look
right_look,left_look
right_look,left_look
right_look,left_look
right_look,left_look
right_look,left_look
right_look,left_look
right_look,left_look
right_look,left_look
right_look,left_look
right_look,left_look
right_look,left_look
right_look,forward_look
right_look,left_look
right_look,left_look
right_look,left_look
right_look,left_look
right_look,left_look
right_look,forward_look
right_look,left_look
right_look,left_look
right_look,left_look
right_look,left_look
right_look,left_look
right_look,left_look
right_look,left_look
right_look,left_look
right_look,left_look
right_look,left_look
right_look,left_look
right_look,left_look
right_look,left_look
right_look,left_look
right_look,right_look
right_look,left_look
right_look,left_look
right_look,left_look
right_look,left_look
right_look,left_look
right_look,left_look
right_look,left_look
right_look,left_look
right_look,forward_look
right_look,left_look
right_look,left_look
right_look,left_look
right_look,left_look
right_look,left_look
right_look,left_look
right_look,left_look
right_look,left_look
right_look,left_look
right_look,left_look
right_look,left_look
right_look,left_look
right_look,left_look
right_look,forward_look
right_look,left_look
right_look,left_look
right_look,left_look
right_look,left_look
right_look,left_look
right_look,left_look
right_look,left_look
right_look,left_look
right_look,left_look
right_look,right_look
right_look,left_look
right_look,left_look
right_look,left_look
right_look,left_look
right_look,left_look
right_look,left_look
right_look,left_look
right_look,left_look
right_look,left_look
right_look,left_look
right_look,left_look
right_look,left_look
right_look,left_look
right_look,left_look
right_look,left_look
right_look,left_look
right_look,left_look
right_look,left_look
right_look,left_look
right_look,forward_look
right_look,left_look
right_look,left_look
right_look,left_look
right_look,left_look
right_look,left_look
right_look,left_look
right_look,left_look
right_look,left_look
right_look,left_look
right_look,left_look
right_look,left_look
right_look,left_look
right_look,right_look
right_look,forward_look
right_look,left_look
right_look,left_look
right_look,left_look
right_look,left_look
right_look,left_look
right_look,left_look
right_look,left_look
right_look,left_look
right_look,left_look
right_look,forward_look
right_look,left_look
right_look,left_look
right_look,left_look
right_look,left_look
right_look,left_look
right_look,left_look
right_look,left_look
right_look,left_look
right_look,left_look
right_look,left_look
right_look,left_look
right_look,left_look
right_look,left_look
right_look,left_look
right_look,left_look
right_look,left_look
right_look,left_look
right_look,left_look
right_look,left_look
right_look,left_look
right_look,left_look
right_look,left_look
right_look,left_look
right_look,left_look
right_look,left_look
right_look,left_look
right_look,left_look
right_look,left_look
right_look,left_look
right_look,left_look
right_look,left_look
right_look,left_look
right_look,right_look
right_look,left_look
right_look,left_look
right_look,left_look
right_look,left_look
right_look,left_look
right_look,left_look
right_look,left_look
right_look,left_look
right_look,left_look
right_look,left_look
right_look,left_look
right_look,left_look
right_look,left_look
right_look,left_look
right_look,left_look
right_look,left_look
right_look,left_look
right_look,left_look
right_look,left_look
right_look,left_look
right_look,left_look
right_look,left_look
right_look,left_look
right_look,right_look
right_look,left_look
right_look,left_look
right_look,left_look
right_look,left_look
right_look,left_look
right_look,left_look
right_look,left_look
right_look,left_look
right_look,left_look
right_look,left_look
right_look,left_look
right_look,left_look
right_look,left_look
right_look,left_look
right_look,left_look
right_look,left_look
right_look,forward_look
right_look,left_look
right_look,left_look
right_look,left_look
right_look,left_look
right_look,right_look
right_look,forward_look
right_look,left_look
right_look,left_look
right_look,left_look
right_look,left_look
right_look,left_look
right_look,left_look
right_look,left_look
right_look,left_look
right_look,left_look
right_look,left_look
right_look,left_look
right_look,left_look
right_look,left_look
right_look,left_look
right_look,left_look
right_look,left_look
right_look,left_look
right_look,forward_look
right_look,left_look
